Date,Log
2018-06-27 23:14:51.510728,Poputepipikku resynapsed.
2018-06-27 23:14:53.513191,Poputepipikku conquered.
2018-06-27 23:14:55.513612,Save Completed.
2018-06-27 23:22:36.851429,Commencing Fragmentation: Uhou Renka 1
2018-06-27 23:22:36.851429,Selected Fragment is unavailable.
2018-06-27 23:23:09.847838,Save Completed.
2018-06-28 00:16:00.031600,Save Completed.
2018-06-28 02:07:22.511475,Commencing Fragmentation: Joshiraku Episode 7
2018-06-28 02:07:22.511475,Selected Fragment is unavailable.
2018-06-28 02:08:05.505645,Commencing Fragmentation: Joshiraku Episode 7
2018-06-28 02:32:27.535929,Save Completed.
2018-06-28 03:05:57.638482,Save Completed.
2018-06-28 03:06:04.630489,Commencing Fragmentation: Joshiraku Episode 9
2018-06-28 03:33:46.996735,Save Completed.
2018-06-28 12:58:58.880362,Battle Royal High School Installed.
2018-06-28 12:59:01.879490,Save Completed.
2018-06-28 15:02:17.245966,Kachou Ouji Installed.
2018-06-28 15:02:19.260395,Save Completed.
2018-06-28 19:31:55.702313,Commencing Fragmentation: Joshiraku Episode 10
2018-06-28 19:40:28.767941,Commencing Fragmentation: Joshiraku Episode 10
2018-06-28 20:04:39.547668,Save Completed.
2018-06-28 22:32:13.199530,Kino no Tabi- The Beautiful World added to Fragmentations List.
2018-06-28 22:32:16.348850,Copied World: Kino no Tabi- The Beautiful World
2018-06-29 00:10:38.469947,Save Completed.
2018-06-29 05:18:15.783371,Commencing Fragmentation: Kino no Tabi- The Beautiful World Episode 1
2018-06-29 05:18:15.783371,Selected Fragment is unavailable.
2018-06-29 05:18:20.779989,Copied World: Kino no Tabi- The Beautiful World
2018-06-29 05:19:06.760489,Commencing Fragmentation: Joshiraku Episode 11
2018-06-29 05:43:29.985027,Save Completed.
2018-06-29 19:29:28.309400,Mitsu x Mitsu Drops Installed on OUTER SAPIENTIA.
2018-06-29 19:29:33.303023,Save Completed.
2018-06-29 23:12:07.519770,Commencing Fragmentation: Joshiraku Episode 12
2018-06-29 23:36:49.237263,Save Completed.
2018-06-30 04:18:47.616862,Commencing Fragmentation: Joshiraku Episode 13
2018-06-30 04:44:23.830051,Save Completed.
2018-06-30 04:44:24.828815,Copied World: Joshiraku
2018-06-30 04:44:25.830528,Joshiraku conquered.
2018-06-30 04:44:28.832684,Save Completed.
2018-06-30 05:58:05.711450,Commencing Fragmentation: Joshiraku OVA Episode 1
2018-06-30 05:58:11.788773,Copied World: Joshiraku
2018-06-30 06:05:33.895980,Commencing Fragmentation: Joshiraku OVA Episode 1
2018-06-30 06:29:39.441505,Save Completed.
2018-07-01 00:04:49.605011,Backup completed.
2018-07-01 00:07:05.692082,Save Completed.
2018-07-01 04:32:46.423800,Sayonara no Asa ni Yakusoku no Hana wo Kazarou Installed on OUTER SAPIENTIA.
2018-07-01 04:32:53.422781,Save Completed.
2018-07-01 06:06:35.800789,Save Completed.
2018-07-01 19:36:02.954751,1 World selected.
2018-07-01 21:16:26.120357,1 World selected.
2018-07-01 21:16:32.114893,0 World selected.
2018-07-01 21:17:17.168054,1 World selected.
2018-07-01 21:18:03.113783,Please fill the legit number of Fragments to populate.
2018-07-01 21:57:16.717352,Copied World: Night Walker- Mayonaka no Tantei
2018-07-01 21:59:13.732225,Commencing Fragmentation: Lance N' Masques Episode 10
2018-07-01 21:59:48.463606,Copied World: Sumomomo Momomo
2018-07-01 22:17:56.074070,Commencing Fragmentation: Tsunpuri
2018-07-01 22:17:56.074070,Selected Fragment is unavailable.
2018-07-01 22:19:46.042561,Commencing Fragmentation: Kino no Tabi- The Beautiful World Episode 1
2018-07-01 22:19:46.042561,Selected Fragment is unavailable.
2018-07-01 22:19:52.046278,Copied World: Kino no Tabi- The Beautiful World
2018-07-01 22:26:31.743109,1 World selected.
2018-07-01 22:27:00.758569,Kino no Tabi: The Beautiful World - Tou no Kuni Installed.
2018-07-01 22:27:27.770829,Save Completed.
2018-07-01 22:27:32.773365,Commencing Fragmentation: Kino no Tabi: The Beautiful World - Tou no Kuni
2018-07-01 22:27:32.773365,Selected Fragment is unavailable.
2018-07-01 22:27:34.772817,Ready to materialize (mp4): Kino no Tabi: The Beautiful World - Tou no Kuni
2018-07-01 22:46:55.433792,Commencing Fragmentation: Kino no Tabi- The Beautiful World Episode 1
2018-07-01 22:46:55.433792,Selected Fragment is unavailable.
2018-07-01 22:46:56.434505,Ready to materialize (mp4): Kino no Tabi- The Beautiful World Episode 1
2018-07-01 22:47:05.420567,Copied World: Kino no Tabi- The Beautiful World
2018-07-01 22:47:34.474701,Ready to materialize (mp4): Kino no Tabi- The Beautiful World Episode 1
2018-07-01 22:48:26.509024,Commencing Fragmentation: Kino no Tabi- The Beautiful World Episode 2
2018-07-01 22:48:26.509024,Selected Fragment is unavailable.
2018-07-01 22:48:27.515740,Ready to materialize (mp4): Kino no Tabi- The Beautiful World Episode 2
2018-07-01 22:51:10.579346,Commencing Fragmentation: Kino no Tabi- The Beautiful World Episode 3
2018-07-01 22:51:10.579346,Selected Fragment is unavailable.
2018-07-01 22:51:11.578096,Ready to materialize (mp4): Kino no Tabi- The Beautiful World Episode 3
2018-07-01 22:52:15.678326,Commencing Fragmentation: Kino no Tabi- The Beautiful World Episode 4
2018-07-01 22:52:15.678326,Selected Fragment is unavailable.
2018-07-01 22:52:16.679003,Ready to materialize (mp4): Kino no Tabi- The Beautiful World Episode 4
2018-07-01 22:53:32.771012,Commencing Fragmentation: Kino no Tabi- The Beautiful World Episode 5
2018-07-01 22:53:32.771012,Selected Fragment is unavailable.
2018-07-01 22:53:33.772755,Ready to materialize (mp4): Kino no Tabi- The Beautiful World Episode 5
2018-07-01 22:54:17.818753,Commencing Fragmentation: Kino no Tabi- The Beautiful World Episode 6
2018-07-01 22:54:17.818753,Selected Fragment is unavailable.
2018-07-01 22:54:18.818514,Ready to materialize (mp4): Kino no Tabi- The Beautiful World Episode 6
2018-07-01 22:55:15.791553,Commencing Fragmentation: Kino no Tabi- The Beautiful World Episode 7
2018-07-01 22:55:15.791553,Selected Fragment is unavailable.
2018-07-01 22:55:17.795053,Ready to materialize (mp4): Kino no Tabi- The Beautiful World Episode 7
2018-07-01 22:56:18.868617,Commencing Fragmentation: Kino no Tabi- The Beautiful World Episode 8
2018-07-01 22:56:18.868617,Selected Fragment is unavailable.
2018-07-01 22:56:19.869386,Ready to materialize (mp4): Kino no Tabi- The Beautiful World Episode 8
2018-07-01 22:57:02.905420,Commencing Fragmentation: Kino no Tabi- The Beautiful World Episode 9
2018-07-01 22:57:02.905420,Selected Fragment is unavailable.
2018-07-01 22:57:02.905420,Ready to materialize (mp4): Kino no Tabi- The Beautiful World Episode 9
2018-07-01 22:57:47.932654,Commencing Fragmentation: Kino no Tabi- The Beautiful World Episode 10
2018-07-01 22:57:47.932654,Selected Fragment is unavailable.
2018-07-01 22:57:48.929366,Ready to materialize (mp4): Kino no Tabi- The Beautiful World Episode 10
2018-07-01 22:58:26.959805,Commencing Fragmentation: Kino no Tabi- The Beautiful World Episode 11
2018-07-01 22:58:26.959805,Selected Fragment is unavailable.
2018-07-01 22:58:27.956569,Ready to materialize (mp4): Kino no Tabi- The Beautiful World Episode 11
2018-07-01 22:59:15.992285,Commencing Fragmentation: Kino no Tabi- The Beautiful World Episode 12
2018-07-01 22:59:15.992285,Selected Fragment is unavailable.
2018-07-01 22:59:16.992945,Ready to materialize (mp4): Kino no Tabi- The Beautiful World Episode 12
2018-07-01 22:59:56.029752,Commencing Fragmentation: Kino no Tabi- The Beautiful World Episode 13
2018-07-01 22:59:56.029752,Selected Fragment is unavailable.
2018-07-01 22:59:57.026462,Ready to materialize (mp4): Kino no Tabi- The Beautiful World Episode 13
2018-07-01 23:40:14.121057,Arrange Completed.
2018-07-01 23:40:44.139340,Commencing Fragmentation: Kino no Tabi- The Beautiful World Episode 1
2018-07-02 00:06:36.528010,Copied World: Kino no Tabi- The Beautiful World
2018-07-02 00:17:04.894918,Commencing Fragmentation: Kino no Tabi- The Beautiful World Episode 2
2018-07-02 01:07:03.087196,Save Completed.
2018-07-02 15:46:46.443564,Dokidoki Little Ooyasan Installed on AMORPHOUS MYSTERIUM.
2018-07-02 15:46:50.440389,Save Completed.
2018-07-02 17:51:21.657966,Arrange Completed.
2018-07-02 17:52:30.722827,Commencing Fragmentation: Dokidoki Little Ooyasan Episode 1
2018-07-02 17:54:17.619964,Please select a World to continue.
2018-07-02 18:09:02.328699,Commencing Fragmentation: Dokidoki Little Ooyasan Episode 1
2018-07-02 18:24:50.173590,1 World selected.
2018-07-02 18:24:57.174995,Toshi Densetsu Series populated with 4 Fragments.
2018-07-02 18:25:01.183167,Save Completed.
2018-07-03 21:15:51.157619,Copied World: Yama no Susume- Second Season
2018-07-03 21:16:21.292029,Current World already exist.
2018-07-03 21:17:18.522271,Ready to materialize (mp4): Yama no Susume- Third Season Episode 1
2018-07-03 21:20:13.624920,Hanebado! Installed on AMORPHOUS SAPIENTIA.
2018-07-03 21:20:18.628514,Save Completed.
2018-07-05 02:52:34.985267,Yuragi-sou no Yuuna-san Installed on AMORPHOUS SAPIENTIA.
2018-07-05 02:52:56.328438,Ready to materialize (mp4): Yuragi-sou no Yuuna-san Episode 1
2018-07-05 02:55:08.393906,Save Completed.
2018-07-05 21:31:08.528221,Please select a World to continue.
2018-07-05 21:31:11.527352,Back Street Girls- Gokudolls Installed on AMORPHOUS SAPIENTIA.
2018-07-05 21:31:13.528982,Save Completed.
2018-07-06 21:46:00.663613,Satsuriku no Tenshi Installed on AMORPHOUS SAPIENTIA.
2018-07-06 21:46:23.709698,Harukana Receive Installed on AMORPHOUS SAPIENTIA.
2018-07-06 21:46:41.776137,Ready to materialize (mp4): Satsuriku no Tenshi Episode 1
2018-07-06 21:47:39.939663,Ready to materialize (mp4): Harukana Receive Episode 1
2018-07-06 21:57:44.136023,1 World selected.
2018-07-06 21:58:03.124912,Save Completed.
2018-07-07 01:02:03.558700,Commencing Fragmentation: Kino no Tabi- The Beautiful World Episode 3
2018-07-07 01:32:13.285357,Commencing Fragmentation: Kino no Tabi- The Beautiful World Episode 4
2018-07-07 01:59:33.125980,Commencing Fragmentation: Kino no Tabi- The Beautiful World Episode 5
2018-07-07 02:35:59.036041,Commencing Fragmentation: Kino no Tabi- The Beautiful World Episode 6
2018-07-07 03:02:09.040662,Commencing Fragmentation: Kino no Tabi- The Beautiful World Episode 7
2018-07-07 03:27:01.597033,Commencing Fragmentation: Kino no Tabi- The Beautiful World Episode 8
2018-07-07 03:52:23.498083,Save Completed.
2018-07-07 04:01:43.383740,Commencing Fragmentation: Kino no Tabi- The Beautiful World Episode 9
2018-07-07 04:34:47.758776,Commencing Fragmentation: Kino no Tabi- The Beautiful World Episode 10
2018-07-07 05:11:28.370643,Commencing Fragmentation: Kino no Tabi- The Beautiful World Episode 11
2018-07-07 06:04:25.050362,1 World selected.
2018-07-07 06:05:36.085667,UQ Holder! OVA Installed on OUTER SAPIENTIA.
2018-07-07 06:05:38.109104,1 World selected.
2018-07-07 06:05:39.111835,Please select a world to Combine with.
2018-07-07 06:05:51.236423,1 World succesfully combined into UQ Holder!- Mahou Sensei Negima! 2.
2018-07-07 06:06:03.550161,1 World selected.
2018-07-07 06:06:11.530828,Save Completed.
2018-07-07 15:21:11.536355,Aru Zombie Shoujo no Sainan Installed on OUTER SAPIENTIA.
2018-07-07 15:21:24.541307,1 World selected.
2018-07-07 15:21:28.533365,Save Completed.
2018-07-10 16:41:54.700821,Kino no Tabi- The Beautiful World conquered.
2018-07-10 16:41:57.703951,Save Completed.
2018-07-10 16:42:46.866859,Kino no Tabi- The Beautiful World - The Animated Series added to Fragmentations List.
2018-07-10 16:43:15.856697,Dog Days added to Fragmentations List.
2018-07-10 17:26:30.798619,Commencing Fragmentation: Kino no Tabi- The Beautiful World - The Animated Series Episode 1
2018-07-10 17:26:30.798619,Selected Fragment is unavailable.
2018-07-10 17:26:31.793324,Ready to materialize (mp4): Kino no Tabi- The Beautiful World - The Animated Series Episode 1
2018-07-10 17:26:43.799218,Copied World: Kino no Tabi- The Beautiful World - The Animated Series
2018-07-10 17:28:52.824200,Jashin-chan Dropkick Installed on AMORPHOUS SAPIENTIA.
2018-07-10 17:29:46.854294,Ready to materialize (mp4): Jashin-chan Dropkick Episode 1
2018-07-10 17:40:42.441427,Hataraku Saibou Installed on AMORPHOUS SAPIENTIA.
2018-07-10 17:42:22.661137,Ready to materialize (mp4): Hataraku Saibou Episode 1
2018-07-10 17:43:45.645770,Asobi Asobase Installed on AMORPHOUS SAPIENTIA.
2018-07-10 17:44:06.664157,Ready to materialize (mp4): Asobi Asobase Episode 1
2018-07-10 17:44:13.652293,Copied World: Asobi Asobase
2018-07-10 17:46:02.741319,Ready to materialize (mp4): Asobi Asobase Episode 1
2018-07-10 19:10:16.488977,Save completed.
2018-07-11 21:30:00.121663,Save completed.
2018-07-11 22:08:09.349063,Save completed.
2018-07-11 23:56:26.802003,Save completed.
2018-07-12 04:22:18.139587,Save completed.
2018-07-12 16:59:16.412367,Save completed.
2018-07-12 17:08:59.300730,Save completed.
2018-07-12 18:39:11.444115,Commencing Fragmentation: Violet Evergarden Episode 14
2018-07-12 18:39:11.444115,Selected Fragment is unavailable.
2018-07-12 18:39:12.443814,Ready to materialize (mp4): Violet Evergarden Episode 14
2018-07-12 18:42:35.076343,Neko Hiki no Ororane Installed on OUTER SAPIENTIA.
2018-07-12 18:43:33.442386,Save completed.
2018-07-12 20:48:01.666477,Arrange Completed.
2018-07-12 20:53:43.385159,Commencing Fragmentation: Kino no Tabi- The Beautiful World - The Animated Series Episode 2
2018-07-12 21:34:01.196136,Save completed.
2018-07-12 21:56:26.833332,Commencing Fragmentation: Kino no Tabi- The Beautiful World - The Animated Series Episode 3
2018-07-12 22:52:08.913361,Commencing Fragmentation: Kino no Tabi- The Beautiful World - The Animated Series Episode 4
2018-07-12 22:53:01.980357,Copied World: Kino no Tabi- The Beautiful World - The Animated Series
2018-07-12 23:33:40.153716,Save completed.
2018-07-13 00:19:22.782160,Miss Monochrome- The Animation Installed on OUTER SAPIENTIA.
2018-07-13 00:20:00.993055,Save completed.
2018-07-13 00:27:48.983883,Commencing Fragmentation: Kino no Tabi- The Beautiful World - The Animated Series Episode 5
2018-07-13 01:00:11.455806,Commencing Fragmentation: Kino no Tabi- The Beautiful World - The Animated Series Episode 6
2018-07-13 01:08:41.239480,Copied World: Kino no Tabi- The Beautiful World - The Animated Series
2018-07-13 02:18:52.873291,Save completed.
2018-07-13 02:19:38.963888,Commencing Fragmentation: Hataraku Saibou Episode 1
2018-07-13 03:15:51.802587,1 World selected.
2018-07-13 03:16:16.836969,Copied World: Kekkai Sensen & Beyond
2018-07-13 03:16:30.324728,Kekkai Sensen & Beyond OVA Episode 1 Installed.
2018-07-13 03:16:35.452082,Kekkai Sensen & Beyond OVA Episode 2 Installed.
2018-07-13 03:16:41.441349,Save completed.
2018-07-13 04:23:56.485592,Commencing Fragmentation: Kino no Tabi- The Beautiful World - The Animated Series Episode 7
2018-07-13 04:49:24.946257,Save completed.
2018-07-13 05:36:33.446663,Commencing Fragmentation: Kino no Tabi- The Beautiful World - The Animated Series Episode 8
2018-07-13 06:01:15.105486,Commencing Fragmentation: Kino no Tabi- The Beautiful World - The Animated Series Episode 9
2018-07-13 06:25:40.884501,Save completed.
2018-07-13 06:49:04.811047,Commencing Fragmentation: Kino no Tabi- The Beautiful World - The Animated Series Episode 10
2018-07-13 07:19:07.185473,Commencing Fragmentation: Kino no Tabi- The Beautiful World - The Animated Series Episode 11
2018-07-13 07:57:50.219064,Commencing Fragmentation: Kino no Tabi- The Beautiful World - The Animated Series Episode 12
2018-07-13 08:21:47.700429,Copied World: Kino no Tabi- The Beautiful World - The Animated Series
2018-07-13 08:21:48.698158,Kino no Tabi- The Beautiful World - The Animated Series conquered.
2018-07-13 08:21:50.691593,Save completed.
2018-07-13 08:27:41.494463,Commencing Fragmentation: Dog Days Episode 1
2018-07-13 08:51:33.330718,Save completed.
2018-07-14 02:07:26.168952,Commencing Fragmentation: Dog Days Episode 2
2018-07-14 02:33:29.881227,Commencing Fragmentation: Dog Days Episode 3
2018-07-14 03:00:00.411558,Save completed.
2018-07-14 04:35:04.204499,Commencing Fragmentation: Dog Days Episode 4
2018-07-14 04:58:56.946686,Save completed.
2018-07-14 06:37:07.228196,Ongaku Shoujo (TV) Installed on AMORPHOUS SAPIENTIA.
2018-07-14 06:37:32.326398,Ready to materialize (mp4): Ongaku Shoujo (TV) Episode 1
2018-07-14 06:45:00.481984,Commencing Rebuild.
2018-07-14 06:45:00.481984,Rebuild successful.
2018-07-14 06:46:01.107367,Save completed.
2018-07-14 07:01:21.514340,Commencing Fragmentation: Dog Days Episode 5
2018-07-14 07:05:43.676379,Copied World: Dog Days
2018-07-14 07:26:14.277935,Save completed.
2018-07-14 20:59:13.011007,Commencing Fragmentation: Violet Evergarden Episode 14
2018-07-14 21:34:58.939805,Save completed.
2018-07-15 00:08:25.276082,Commencing Fragmentation: Dog Days Episode 6
2018-07-15 00:34:54.763563,Save completed.
2018-07-15 01:53:57.283387,Ready to materialize (mp4): Hataraku Saibou Episode 2
2018-07-15 01:56:43.389709,Commencing Fragmentation: Dog Days Episode 7
2018-07-15 02:14:29.865499,Ready to materialize (mp4): Back Street Girls- Gokudolls Episode 2
2018-07-15 02:22:53.115744,Arrange Completed.
2018-07-15 02:23:14.127581,Commencing Fragmentation: Hataraku Saibou Episode 2
2018-07-15 02:24:31.164515,Copied World: Hataraku Saibou
2018-07-15 03:43:35.541126,Commencing Fragmentation: Hataraku Saibou Episode 2
2018-07-15 03:49:39.524046,Commencing Fragmentation: Dog Days Episode 7
2018-07-15 04:14:29.400973,Save completed.
2018-07-15 21:12:14.162526,Copied World: Karakai Jouzu no Takagi-san
2018-07-15 21:13:01.537660,1 World selected.
2018-07-15 21:13:05.539041,Karakai Jouzu no Takagi-san OVA Installed.
2018-07-15 21:13:13.533038,Save completed.
2018-07-16 02:52:24.177079,Iya na Kao sare nagara Opantsu Misete Moraitai Installed on OUTER SAPIENTIA.
2018-07-16 02:52:30.182354,Save completed.
2018-07-16 02:53:04.360649,Commencing Fragmentation: Iya na Kao sare nagara Opantsu Misete Moraitai
2018-07-16 02:53:04.360649,Selected Fragment is unavailable.
2018-07-16 02:53:04.360649,Ready to materialize (mp4): Iya na Kao sare nagara Opantsu Misete Moraitai
2018-07-16 02:54:06.439751,1 World selected.
2018-07-16 02:54:08.447293,1 Worlds Uninstalled.
2018-07-16 02:54:45.663378,Save completed.
2018-07-16 20:38:36.347655,Commencing Fragmentation: Dog Days Episode 8
2018-07-16 20:39:32.394885,Commencing Fragmentation: Dog Days Episode 9
2018-07-16 20:39:35.399192,Commencing Fragmentation: Dog Days Episode 10
2018-07-16 20:39:37.399757,Commencing Fragmentation: Dog Days Episode 11
2018-07-16 20:39:39.392223,Commencing Fragmentation: Dog Days Episode 12
2018-07-16 20:39:40.387923,Commencing Fragmentation: Dog Days Episode 13
2018-07-16 23:53:30.413284,Dog Days conquered.
2018-07-16 23:53:31.409447,Copied World: Dog Days
2018-07-16 23:53:33.415940,Save completed.
2018-07-17 00:05:34.343832,Ready to materialize (mp4): Jashin-chan Dropkick Episode 2
2018-07-17 00:17:35.835297,Arrange Completed.
2018-07-17 00:17:52.819793,Commencing Fragmentation: Jashin-chan Dropkick Episode 2
2018-07-17 01:01:20.450222,Commencing Fragmentation: Dog Days Season 2 Episode 1
2018-07-17 01:36:31.766654,Karakai Jouzu no Takagi-san added to Fragmentations List.
2018-07-17 01:36:37.900171,Commencing Fragmentation: Karakai Jouzu no Takagi-san Episode 2
2018-07-17 01:36:37.900171,Selected Fragment is unavailable.
2018-07-17 01:36:38.900882,Ready to materialize (mp4): Karakai Jouzu no Takagi-san Episode 2
2018-07-17 01:37:23.969709,Commencing Fragmentation: Karakai Jouzu no Takagi-san Episode 3
2018-07-17 01:37:23.969709,Selected Fragment is unavailable.
2018-07-17 01:37:24.964465,Ready to materialize (mp4): Karakai Jouzu no Takagi-san Episode 3
2018-07-17 01:37:59.979517,Commencing Fragmentation: Karakai Jouzu no Takagi-san Episode 4
2018-07-17 01:37:59.979517,Selected Fragment is unavailable.
2018-07-17 01:38:00.978434,Ready to materialize (mp4): Karakai Jouzu no Takagi-san Episode 4
2018-07-17 01:38:56.013002,Commencing Fragmentation: Karakai Jouzu no Takagi-san Episode 5
2018-07-17 01:38:56.013002,Selected Fragment is unavailable.
2018-07-17 01:38:56.013002,Ready to materialize (mp4): Karakai Jouzu no Takagi-san Episode 5
2018-07-17 01:39:32.012743,Commencing Fragmentation: Karakai Jouzu no Takagi-san Episode 6
2018-07-17 01:39:32.012743,Selected Fragment is unavailable.
2018-07-17 01:39:33.018455,Ready to materialize (mp4): Karakai Jouzu no Takagi-san Episode 6
2018-07-17 01:40:05.057211,Commencing Fragmentation: Karakai Jouzu no Takagi-san Episode 7
2018-07-17 01:40:05.057211,Selected Fragment is unavailable.
2018-07-17 01:40:06.056928,Ready to materialize (mp4): Karakai Jouzu no Takagi-san Episode 7
2018-07-17 01:40:49.113394,Commencing Fragmentation: Karakai Jouzu no Takagi-san Episode 8
2018-07-17 01:40:49.113394,Selected Fragment is unavailable.
2018-07-17 01:40:49.113394,Ready to materialize (mp4): Karakai Jouzu no Takagi-san Episode 8
2018-07-17 01:41:26.142385,Commencing Fragmentation: Karakai Jouzu no Takagi-san Episode 9
2018-07-17 01:41:26.142385,Selected Fragment is unavailable.
2018-07-17 01:41:27.142143,Ready to materialize (mp4): Karakai Jouzu no Takagi-san Episode 9
2018-07-17 01:42:05.143151,Commencing Fragmentation: Karakai Jouzu no Takagi-san Episode 10
2018-07-17 01:42:05.143151,Selected Fragment is unavailable.
2018-07-17 01:42:07.148601,Ready to materialize (mp4): Karakai Jouzu no Takagi-san Episode 10
2018-07-17 01:42:45.143364,Commencing Fragmentation: Karakai Jouzu no Takagi-san Episode 11
2018-07-17 01:42:45.143364,Selected Fragment is unavailable.
2018-07-17 01:43:44.174505,Ready to materialize (mp4): Karakai Jouzu no Takagi-san Episode 11
2018-07-17 01:43:55.196275,Commencing Fragmentation: Karakai Jouzu no Takagi-san Episode 12
2018-07-17 01:43:55.196275,Selected Fragment is unavailable.
2018-07-17 01:43:57.194747,Ready to materialize (mp4): Karakai Jouzu no Takagi-san Episode 12
2018-07-17 01:44:48.283843,Copied World: Karakai Jouzu no Takagi-san
2018-07-17 01:45:00.276863,Commencing Fragmentation: Karakai Jouzu no Takagi-san OVA
2018-07-17 01:45:00.276863,Selected Fragment is unavailable.
2018-07-17 01:45:01.271622,Ready to materialize (mp4): Karakai Jouzu no Takagi-san OVA
2018-07-17 01:54:38.695475,Commencing Fragmentation: Karakai Jouzu no Takagi-san Episode 1
2018-07-17 02:25:21.077881,Save completed.
2018-07-18 02:37:35.896494,Commencing Fragmentation: Karakai Jouzu no Takagi-san Episode 3
2018-07-18 02:39:24.733387,Save completed.
2018-07-18 04:34:00.646221,Commencing Fragmentation: Sono Hanabira ni Kuchizuke o- Anata to Koibito Tsunagi Episode 1
2018-07-18 04:39:31.611160,Commencing Fragmentation: Karakai Jouzu no Takagi-san Episode 3
2018-07-18 05:03:25.588307,Commencing Fragmentation: Karakai Jouzu no Takagi-san Episode 4
2018-07-18 05:19:21.010518,Copied World: Karakai Jouzu no Takagi-san
2018-07-18 05:38:02.604199,Commencing Fragmentation: Karakai Jouzu no Takagi-san Episode 5
2018-07-18 06:42:45.312009,Save completed.
2018-07-20 02:44:15.756199,Commencing Fragmentation: Karakai Jouzu no Takagi-san Episode 5
2018-07-20 03:10:54.508220,Save completed.
2018-07-20 03:30:30.307523,Copied World: Kino no Tabi- The Beautiful World - The Animated Series
2018-07-20 03:32:36.494386,Commencing Fragmentation: Kaiba Episode 1
2018-07-20 03:32:36.494386,Selected Fragment is unavailable.
2018-07-20 03:33:07.470978,Commencing Fragmentation: Kaiba Episode 1
2018-07-20 04:20:47.784775,Kaiba added to Fragmentations List.
2018-07-20 04:20:56.797266,Save completed.
2018-07-20 23:13:57.287458,Kaiba defragmented.
2018-07-20 23:14:02.474150,Save completed.
2018-07-21 13:31:58.080189,Commencing Fragmentation: Karakai Jouzu no Takagi-san Episode 6
2018-07-21 14:04:27.753732,Commencing Fragmentation: Karakai Jouzu no Takagi-san Episode 7
2018-07-21 14:30:54.149607,Save completed.
2018-07-22 14:00:57.205133,Kimi Ga Nozomu Eien added to Fragmentations List.
2018-07-22 14:01:01.206630,Commencing Fragmentation: Kimi Ga Nozomu Eien Episode 1
2018-07-22 14:01:01.206630,Selected Fragment is unavailable.
2018-07-22 14:01:33.188489,Commencing Fragmentation: Kimi Ga Nozomu Eien Episode 1
2018-07-22 18:10:08.000944,Save completed.
2018-07-24 05:20:16.797761,Commencing Fragmentation: Kimi Ga Nozomu Eien Episode 1
2018-07-24 05:49:06.111661,Copied World: Kimi Ga Nozomu Eien
2018-07-24 05:50:24.107688,Commencing Fragmentation: Karakai Jouzu no Takagi-san Episode 8
2018-07-24 06:16:54.015383,Save completed.
2018-07-24 16:22:17.855654,Commencing Fragmentation: Furueru Kuchibiru Episode 1
2018-07-24 16:50:38.066471,Ready to materialize (mp4): Gurazeni Episode 1
2018-07-24 16:51:30.064225,Arrange Completed.
2018-07-24 17:11:51.496983,Commencing Fragmentation: Kishibe Rohan wa Ugokanai- Fugou Mura
2018-07-24 17:11:51.496983,Selected Fragment is unavailable.
2018-07-24 17:12:27.713900,1 World selected.
2018-07-24 17:12:27.713900,0 World selected.
2018-07-24 17:12:28.708920,1 World selected.
2018-07-24 17:12:34.734341,1 Fragment Uninstalled.
2018-07-24 17:12:46.737716,Kishibe Rohan wa Ugokanai Episode 1 Installed.
2018-07-24 17:12:53.847560,Kishibe Rohan wa Ugokanai Episode 2 Installed.
2018-07-24 17:13:14.838431,Save completed.
2018-07-24 17:29:08.418898,Commencing Fragmentation: Kishibe Rohan wa Ugokanai Episode 2
2018-07-24 17:29:08.418898,Selected Fragment is unavailable.
2018-07-24 17:29:10.426340,Ready to materialize (mp4): Kishibe Rohan wa Ugokanai Episode 2
2018-07-24 17:46:45.860667,Commencing Fragmentation: Kishibe Rohan wa Ugokanai Episode 2
2018-07-24 18:11:01.463916,Save completed.
2018-07-27 21:27:57.798427,Commencing Fragmentation: Karakai Jouzu no Takagi-san Episode 9
2018-07-27 21:53:31.260229,Commencing Fragmentation: Kimi Ga Nozomu Eien Episode 2
2018-07-27 21:53:31.260229,Selected Fragment is unavailable.
2018-07-27 21:54:36.198746,Commencing Fragmentation: Kimi Ga Nozomu Eien Episode 2
2018-07-27 21:58:09.327231,Copied World: Kimi Ga Nozomu Eien
2018-07-27 22:22:29.687655,Commencing Fragmentation: Kimi Ga Nozomu Eien Episode 3
2018-07-27 22:49:01.056783,Commencing Rebuild.
2018-07-27 22:49:01.056783,Rebuild successful.
2018-07-27 22:49:29.524771,Save completed.
2018-07-27 23:02:59.675378,Copied World: Chuunibyou demo Koi ga Shitai! Movie
2018-07-27 23:04:40.650930,Commencing Fragmentation: Chuunibyou demo Koi ga Shitai! Movie
2018-07-27 23:04:43.652719,Ready to materialize (mp4): Chuunibyou demo Koi ga Shitai! Movie
2018-07-27 23:30:06.767416,Commencing Rebuild.
2018-07-27 23:30:06.767416,Rebuild successful.
2018-07-27 23:30:42.227846,Save completed.
2018-07-28 06:28:28.614853,1 World selected.
2018-07-28 06:28:47.590116,Nekopara- Koneko no Hi no Yakusoku Installed.
2018-07-28 06:28:55.579899,Nothing selected to Uninstall.
2018-07-28 06:29:02.585930,Save completed.
2018-07-30 20:26:02.795493,Yokujou Bazooka Installed on OUTER MYSTERIUM.
2018-07-30 20:26:07.792030,Save completed.
2018-07-31 15:27:03.708209,1 World selected.
2018-07-31 15:27:08.698965,0 World selected.
2018-07-31 15:27:08.698965,1 World selected.
2018-07-31 15:27:13.703585,0 World selected.
2018-07-31 15:27:14.704297,1 World selected.
2018-07-31 15:27:41.763998,Fate Extra Last Encore- Irusterias Tendouron Installed on AMORPHOUS SAPIENTIA.
2018-07-31 15:27:58.855190,1 World selected.
2018-07-31 15:28:05.847191,Fate Extra Last Encore- Irusterias Tendouron populated with 1 Fragments.
2018-07-31 15:28:07.853797,1 Fragment Uninstalled.
2018-07-31 15:28:20.847059,Fate Extra Last Encore- Irusterias Tendouron Installed.
2018-07-31 15:28:59.855103,1 World selected.
2018-07-31 15:29:13.853153,Fate Stay Night Movie Installed on AMORPHOUS SAPIENTIA.
2018-07-31 15:29:15.852574,1 World selected.
2018-07-31 15:29:16.852255,2 Worlds selected.
2018-07-31 15:29:18.852886,Please select a world to Combine with.
2018-07-31 15:29:33.846878,2 Worlds succesfully combined into Fate Stay Night Movie.
2018-07-31 15:29:42.844755,1 World selected.
2018-07-31 15:30:09.247685,Save completed.
2018-08-01 08:39:06.618433,Save completed.
2018-08-01 08:54:29.751606,Save completed.
2018-08-01 22:38:49.513433,Commencing Fragmentation: Karakai Jouzu no Takagi-san Episode 10
2018-08-01 23:06:03.258214,Commencing Fragmentation: Karakai Jouzu no Takagi-san Episode 11
2018-08-01 23:29:55.838294,Commencing Fragmentation: Karakai Jouzu no Takagi-san Episode 12
2018-08-01 23:53:46.797145,Karakai Jouzu no Takagi-san conquered.
2018-08-01 23:53:49.798338,Save completed.
2018-08-02 21:20:48.811535,Commencing Fragmentation: Kimi Ga Nozomu Eien Episode 4
2018-08-02 21:44:27.213883,Commencing Fragmentation: Kimi Ga Nozomu Eien Episode 5
2018-08-02 22:13:11.656599,Commencing Fragmentation: Kimi Ga Nozomu Eien Episode 6
2018-08-02 22:40:02.898206,Commencing Fragmentation: Kimi Ga Nozomu Eien Episode 7
2018-08-02 23:04:52.095275,Commencing Fragmentation: Kimi Ga Nozomu Eien Episode 8
2018-08-02 23:36:36.234789,Commencing Fragmentation: Kimi Ga Nozomu Eien Episode 9
2018-08-03 00:00:12.677991,Commencing Fragmentation: Kimi Ga Nozomu Eien Episode 10
2018-08-03 00:23:43.303430,Commencing Fragmentation: Kimi Ga Nozomu Eien Episode 11
2018-08-03 00:52:31.115898,Commencing Fragmentation: Kimi Ga Nozomu Eien Episode 12
2018-08-03 01:16:04.947162,Commencing Fragmentation: Kimi Ga Nozomu Eien Episode 13
2018-08-03 01:39:37.435855,Commencing Fragmentation: Kimi Ga Nozomu Eien Episode 14
2018-08-03 02:07:24.106437,Save completed.
2018-08-03 02:07:26.165699,Copied World: Kimi Ga Nozomu Eien
2018-08-03 02:13:27.577800,Commencing Rebuild.
2018-08-03 02:13:27.577800,Rebuild successful.
2018-08-03 02:13:52.833985,Kimi Ga Nozomu Eien conquered.
2018-08-03 02:13:54.833407,Save completed.
2018-08-03 03:40:50.489754,Copied World: Kyousougiga
2018-08-03 03:42:56.575967,Commencing Fragmentation: Kyousougiga (TV) Episode 1
2018-08-03 04:08:47.066093,Kyousougiga added to Fragmentations List.
2018-08-03 04:08:49.120649,Save completed.
2018-08-03 20:04:25.059562,Path not found.
2018-08-03 20:04:40.044211,Path not found.
2018-08-03 20:05:47.006220,Commencing Rebuild.
2018-08-03 20:05:47.006220,Rebuild successful.
2018-08-03 20:08:43.288626,Commencing Fragmentation: Kyousougiga (TV) Episode 5.5
2018-08-03 20:09:07.347162,Commencing Fragmentation: Kyousougiga (TV) Episode 0
2018-08-03 20:09:15.359985,Commencing Fragmentation: Kyousougiga (TV) Episode 10.5
2018-08-03 20:11:40.425404,Kyousougiga (2012) Installed on OUTER SAPIENTIA.
2018-08-03 20:12:13.477776,1 World selected.
2018-08-03 20:12:57.850004,Commencing Fragmentation: Kyousougiga (2012) Episode 1
2018-08-03 20:12:57.850004,Selected Fragment is unavailable.
2018-08-03 20:12:58.848713,Ready to materialize (mp4): Kyousougiga (2012) Episode 1
2018-08-03 20:14:46.837313,Commencing Fragmentation: Kyousougiga (2012) Episode 2
2018-08-03 20:14:46.837313,Selected Fragment is unavailable.
2018-08-03 20:14:47.836224,Ready to materialize (mp4): Kyousougiga (2012) Episode 2
2018-08-03 20:19:11.946149,1 World selected.
2018-08-03 20:19:13.943715,1 Worlds Uninstalled.
2018-08-03 20:19:52.935435,Commencing Rebuild.
2018-08-03 20:19:52.935435,Rebuild successful.
2018-08-03 20:20:05.342780,Save completed.
2018-08-03 21:15:47.876310,Commencing Fragmentation: Kyousougiga (TV) Episode 2
2018-08-03 21:41:36.625824,Copied World: Kyousougiga
2018-08-03 21:47:52.485545,Commencing Fragmentation: Kyousougiga (TV) Episode 3
2018-08-03 22:14:11.246372,Save completed.
2018-08-03 22:47:08.138038,Commencing Fragmentation: Kyousougiga (TV) Episode 4
2018-08-03 23:12:58.849262,Commencing Fragmentation: Kyousougiga (TV) Episode 5
2018-08-03 23:46:46.966343,Commencing Fragmentation: Kyousougiga (TV) Episode 6
2018-08-04 00:13:12.078115,Commencing Fragmentation: Kyousougiga (TV) Episode 7
2018-08-04 00:39:31.765498,Save completed.
2018-08-04 00:39:46.836614,Commencing Fragmentation: Kyousougiga
2018-08-04 01:28:54.375684,Yozakura Quartet added to Fragmentations List.
2018-08-04 01:29:03.369095,Save completed.
2018-08-04 21:22:58.213692,Commencing Fragmentation: Kyousougiga (TV) Episode 8
2018-08-04 21:22:58.213692,Selected Fragment is unavailable.
2018-08-04 21:23:18.194342,Commencing Fragmentation: Kyousougiga (TV) Episode 8
2018-08-04 21:49:21.472075,Commencing Fragmentation: Kyousougiga (TV) Episode 9
2018-08-04 22:15:25.366277,Commencing Fragmentation: Kyousougiga (TV) Episode 10
2018-08-04 22:41:51.976492,Kyousougiga conquered.
2018-08-04 22:41:54.978646,Save completed.
2018-08-04 23:30:59.097257,Heisei Tanuki Gassen Ponpoko Installed on OUTER SAPIENTIA.
2018-08-04 23:31:52.192924,Save completed.
2018-08-05 17:39:19.138492,Save completed.
2018-08-05 20:27:09.022463,Commencing Fragmentation: Yozakura Quartet Episode 3
2018-08-05 20:27:09.022463,Selected Fragment is unavailable.
2018-08-05 20:28:12.033341,Commencing Fragmentation: Yozakura Quartet Episode 3
2018-08-05 20:52:28.733633,Save completed.
2018-08-05 20:54:31.796626,Commencing Fragmentation: Yozakura Quartet Episode 4
2018-08-05 21:26:53.267659,Save completed.
2018-08-05 21:50:41.717605,1 World selected.
2018-08-05 21:50:48.727254,3D Kanojo- Real Girl populated with 12 Fragments.
2018-08-05 21:51:05.815572,2 Worlds selected.
2018-08-05 21:51:06.821302,Only 1 World needs to be selected.
2018-08-05 21:51:08.821730,1 World selected.
2018-08-05 21:51:22.801875,Copied World: Alice or Alice- Siscon Niisan to Futago no Imouto
2018-08-05 21:51:28.795184,Alice or Alice- Siscon Niisan to Futago no Imouto Installed.
2018-08-05 21:51:50.797971,0 World selected.
2018-08-05 21:51:51.795639,1 World selected.
2018-08-05 21:51:57.797003,Copied World: Amai Choubatsu- Watashi wa Kanshu Senyou Pet
2018-08-05 21:52:01.812141,Amai Choubatsu- Watashi wa Kanshu Senyou Pet Installed.
2018-08-05 21:52:19.831443,0 World selected.
2018-08-05 21:52:20.830308,1 World selected.
2018-08-05 21:52:25.840154,Amanchu! Advance populated with 12 Fragments.
2018-08-05 21:52:28.834336,0 World selected.
2018-08-05 21:52:41.816933,1 World selected.
2018-08-05 21:52:57.839260,Binan Koukou Chikyuu Boueibu Happy Kiss! populated with 12 Fragments.
2018-08-05 21:53:00.833441,0 World selected.
2018-08-05 21:53:01.835320,1 World selected.
2018-08-05 21:53:25.832132,0 World selected.
2018-08-05 21:53:50.845750,1 World selected.
2018-08-05 21:53:58.844913,Butlers- Chitose Momotose Monogatari populated with 12 Fragments.
2018-08-05 21:54:04.837538,0 World selected.
2018-08-05 21:54:04.837538,1 World selected.
2018-08-05 21:54:30.881797,Caligula populated with 12 Fragments.
2018-08-05 21:54:53.906130,0 World selected.
2018-08-05 21:54:54.906897,1 World selected.
2018-08-05 21:54:58.906918,Comic Girls populated with 12 Fragments.
2018-08-05 21:55:12.913929,0 World selected.
2018-08-05 21:55:13.913051,1 World selected.
2018-08-05 21:55:17.921150,Cutie Honey Universe populated with 12 Fragments.
2018-08-05 21:55:25.934345,0 World selected.
2018-08-05 21:55:25.934345,1 World selected.
2018-08-05 21:55:46.966427,Copied World: Devils Line
2018-08-05 21:55:48.969043,Devils Line populated with 12 Fragments.
2018-08-05 21:55:57.985547,Devils Line OVA Installed.
2018-08-05 21:56:08.980941,0 World selected.
2018-08-05 21:56:23.997847,1 World selected.
2018-08-05 21:56:30.028519,Dorei-ku The Animation populated with 12 Fragments.
2018-08-05 21:56:43.054569,0 World selected.
2018-08-05 21:56:44.060282,1 World selected.
2018-08-05 21:57:59.079202,FLCL Alternative populated with 6 Fragments.
2018-08-05 21:58:11.082588,0 World selected.
2018-08-05 21:58:12.078365,1 World selected.
2018-08-05 21:58:32.048170,Full Metal Panic! Invisible Victory populated with 12 Fragments.
2018-08-05 21:58:48.112339,0 World selected.
2018-08-05 21:58:49.113074,1 World selected.
2018-08-05 21:58:53.115555,Copied World: Fumikiri Jikan
2018-08-05 21:58:55.106985,Fumikiri Jikan Installed.
2018-08-05 21:59:07.106151,0 World selected.
2018-08-05 21:59:26.112746,1 World selected.
2018-08-05 21:59:43.114869,Legend of the Galactic Heroes- The New Thesis - Encounter populated with 12 Fragments.
2018-08-05 21:59:59.131370,2 Worlds selected.
2018-08-05 22:00:00.130025,Only 1 World needs to be selected.
2018-08-05 22:00:07.144381,1 World selected.
2018-08-05 22:00:14.140272,Golden Kamuy populated with 12 Fragments.
2018-08-05 22:00:31.149818,0 World selected.
2018-08-05 22:00:33.154028,1 World selected.
2018-08-05 22:00:38.152125,Gurazeni populated with 12 Fragments.
2018-08-05 22:00:42.159193,0 World selected.
2018-08-05 22:01:00.170125,1 World selected.
2018-08-05 22:01:05.170717,High School DxD Hero populated with 12 Fragments.
2018-08-05 22:01:25.192998,0 World selected.
2018-08-05 22:01:25.192998,1 World selected.
2018-08-05 22:01:30.195700,Hinamatsuri populated with 12 Fragments.
2018-08-05 22:01:36.202578,0 World selected.
2018-08-05 22:02:18.228554,1 World selected.
2018-08-05 22:02:27.234096,Hisone to Maso-tan populated with 12 Fragments.
2018-08-05 22:02:30.228582,0 World selected.
2018-08-05 22:02:30.228582,1 World selected.
2018-08-05 22:02:37.240992,Hoozuki no Reitetsu 2nd Season- Sono Ni populated with 13 Fragments.
2018-08-05 22:03:39.412057,2 Worlds selected.
2018-08-05 22:03:40.410769,1 World selected.
2018-08-05 22:03:41.407549,0 World selected.
2018-08-05 22:03:43.412955,1 World selected.
2018-08-05 22:03:44.419724,1 Worlds Uninstalled.
2018-08-05 22:04:32.444498,1 World selected.
2018-08-05 22:04:40.463885,Last Period- Owarinaki Rasen no Monogatari populated with 12 Fragments.
2018-08-05 22:05:00.459920,0 World selected.
2018-08-05 22:05:01.457627,1 World selected.
2018-08-05 22:05:11.464853,Lost Song populated with 12 Fragments.
2018-08-05 22:05:21.481111,0 World selected.
2018-08-05 22:05:21.481111,1 World selected.
2018-08-05 22:05:38.498980,Lostorage Conflated WIXOSS populated with 12 Fragments.
2018-08-05 22:06:00.486260,0 World selected.
2018-08-05 22:06:10.502541,1 World selected.
2018-08-05 22:06:17.784629,Mahou Shoujo Ore populated with 12 Fragments.
2018-08-05 22:06:25.800101,0 World selected.
2018-08-05 22:06:26.796844,1 World selected.
2018-08-05 22:06:29.797214,Mahou Shoujo Site populated with 12 Fragments.
2018-08-05 22:06:38.785619,0 World selected.
2018-08-05 22:06:39.780391,1 World selected.
2018-08-05 22:06:50.782279,Megalo Box populated with 13 Fragments.
2018-08-05 22:07:33.803578,0 World selected.
2018-08-05 22:07:34.803364,1 World selected.
2018-08-05 22:08:06.101259,Nil Admirari no Tenbin- Teito Genwaku Kitan populated with 12 Fragments.
2018-08-05 22:08:15.096095,0 World selected.
2018-08-05 22:08:16.098804,1 World selected.
2018-08-05 22:08:19.114414,Copied World: Nobunaga no Shinobi- Anegawa Ishiyama-hen
2018-08-05 22:08:42.188547,1 World selected.
2018-08-05 22:08:50.213273,Nobunaga no Shinobi- Anegawa Ishiyama-hen Installed.
2018-08-05 22:09:04.245253,1 World selected.
2018-08-05 22:09:10.260121,1 Worlds Uninstalled.
2018-08-05 22:09:38.293371,1 World selected.
2018-08-05 22:09:42.301481,Copied World: Omae wa Mada Gunma wo Shiranai
2018-08-05 22:09:44.310131,Omae wa Mada Gunma wo Shiranai Installed.
2018-08-05 22:09:50.318730,0 World selected.
2018-08-05 22:10:10.337507,1 World selected.
2018-08-05 22:11:24.514158,1 World selected.
2018-08-05 22:11:36.539532,Piano no Mori populated with 1 Fragments.
2018-08-05 22:11:37.535216,Copied World: Piano no Mori
2018-08-05 22:11:55.562432,0 World selected.
2018-08-05 22:12:04.552093,Piano no Mori (TV) Installed on OUTER SAPIENTIA.
2018-08-05 22:12:26.682099,1 World selected.
2018-08-05 22:12:34.681984,Rokuhoudou Yotsuiro Biyori populated with 12 Fragments.
2018-08-05 22:12:49.674972,0 World selected.
2018-08-05 22:12:50.672664,1 World selected.
2018-08-05 22:12:57.687019,Saredo Tsumibito wa Ryuu to Odoru populated with 12 Fragments.
2018-08-05 22:13:00.685147,0 World selected.
2018-08-05 22:13:20.660400,1 World selected.
2018-08-05 22:13:29.666412,Shiyan Pin Jiating populated with 12 Fragments.
2018-08-05 22:13:33.657860,0 World selected.
2018-08-05 22:13:42.673397,1 World selected.
2018-08-05 22:13:47.677393,Shokugeki no Souma- San no Sara - Toutsuki Ressha-hen populated with 12 Fragments.
2018-08-05 22:13:57.670008,0 World selected.
2018-08-05 22:13:58.667824,1 World selected.
2018-08-05 22:13:59.663531,0 World selected.
2018-08-05 22:14:00.662687,1 World selected.
2018-08-05 22:14:12.683971,Souten no Ken Re-Genesis populated with 12 Fragments.
2018-08-05 22:14:31.693752,0 World selected.
2018-08-05 22:14:33.683163,1 World selected.
2018-08-05 22:14:37.681372,Sword Art Online Alternative- Gun Gale Online populated with 12 Fragments.
2018-08-05 22:14:40.683503,0 World selected.
2018-08-05 22:14:57.700547,1 World selected.
2018-08-05 22:14:59.697962,Copied World: Tachibanakan Triangle
2018-08-05 22:15:03.702268,Tachibanakan Triangle Installed.
2018-08-05 22:15:13.681048,0 World selected.
2018-08-05 22:15:14.680934,1 World selected.
2018-08-05 22:15:21.291216,Tada-kun wa Koi wo Shinai populated with 13 Fragments.
2018-08-05 22:15:25.297703,0 World selected.
2018-08-05 22:15:30.213317,1 World selected.
2018-08-05 22:15:35.205018,Tokyo Ghoul-re populated with 12 Fragments.
2018-08-05 22:15:54.221722,0 World selected.
2018-08-05 22:15:54.221722,1 World selected.
2018-08-05 22:16:04.221475,Save completed.
2018-08-05 22:25:46.811879,1 World selected.
2018-08-05 22:25:59.817317,Copied World: Uchuu Senkan Tiramisu
2018-08-05 22:26:03.815820,Fragment Installed: Uchuu Senkan Tiramisu on Uchuu Senkan Tiramisu
2018-08-05 22:26:19.799315,0 World selected.
2018-08-05 22:26:20.802074,1 World selected.
2018-08-05 22:26:31.824932,Uma Musume- Pretty Derby populated with 13 Fragments.
2018-08-05 22:27:04.888055,0 World selected.
2018-08-05 22:27:05.883720,1 World selected.
2018-08-05 22:27:09.891831,Wotaku ni Koi wa Muzukashii populated with 11 Fragments.
2018-08-05 22:27:31.909532,2 Worlds selected.
2018-08-05 22:27:32.904241,Only 1 World needs to be selected.
2018-08-05 22:27:36.921080,1 World selected.
2018-08-05 22:27:40.932177,Copied World: Akkun to Kanojo
2018-08-05 22:27:46.939631,Fragment Installed: Akkun to Kanojo on Akkun to Kanojo
2018-08-05 22:27:56.928833,Save completed.
2018-08-05 22:28:53.009013,1 World selected.
2018-08-05 22:29:09.004121,Basilisk- Ouka Ninpou Chou populated with 24 Fragments.
2018-08-05 22:29:24.086342,0 World selected.
2018-08-05 22:29:24.086342,1 World selected.
2018-08-05 22:29:25.082233,0 World selected.
2018-08-05 22:29:25.082233,1 World selected.
2018-08-05 22:29:34.089470,Beatless populated with 20 Fragments.
2018-08-05 22:30:27.082985,Beatless Intermission Installed on AMORPHOUS SAPIENTIA.
2018-08-05 22:30:30.081236,1 World selected.
2018-08-05 22:30:36.085750,Beatless Intermission populated with 4 Fragments.
2018-08-05 22:30:50.198371,1 World selected.
2018-08-05 22:30:51.197138,Please select a world to Combine with.
2018-08-05 22:31:03.184941,1 World succesfully combined into Beatless.
2018-08-05 22:31:08.246718,1 World selected.
2018-08-05 22:32:08.266647,1 World selected.
2018-08-05 22:32:22.319920,Cardcaptor Sakura- Clear Card-hen populated with 22 Fragments.
2018-08-05 22:32:34.341818,Fragment Installed: Cardcaptor Sakura- Clear Card-hen Prologue - Sakura to Futatsu no Kuma on World: Cardcaptor Sakura- Clear Card-hen
2018-08-05 22:32:57.416985,Fragment Installed: Cardcaptor Sakura- Clear Card-hen Recap on World: Cardcaptor Sakura- Clear Card-hen
2018-08-05 22:33:09.413749,0 World selected.
2018-08-05 22:33:17.414980,1 World selected.
2018-08-05 22:33:20.409313,Darling in the FranXX populated with 24 Fragments.
2018-08-05 22:33:53.417789,0 World selected.
2018-08-05 22:33:54.414497,1 World selected.
2018-08-05 22:34:03.425206,Grancrest Senki populated with 24 Fragments.
2018-08-05 22:34:13.424595,Fragment Installed: Grancrest Senki Episode 11.5 on World: Grancrest Senki
2018-08-05 22:34:21.525767,0 World selected.
2018-08-05 22:34:34.531288,1 World selected.
2018-08-05 22:34:41.556710,Hakyuu Houshin Engi populated with 23 Fragments.
2018-08-05 22:35:10.575134,Fragment Installed: Hakyuu Houshin Engi Recap on World: Hakyuu Houshin Engi
2018-08-05 22:35:48.606177,2 Worlds selected.
2018-08-05 22:35:50.606542,1 World selected.
2018-08-05 22:36:37.617516,Senkaiden Houshin Engi Installed on OUTER SAPIENTIA.
2018-08-05 22:36:50.635309,1 World selected.
2018-08-05 22:36:56.642879,IDOLiSH7 populated with 17 Fragments.
2018-08-05 22:37:59.644435,2 Worlds selected.
2018-08-05 22:38:01.655876,1 World selected.
2018-08-05 22:38:10.664018,Ling Qi 2 populated with 12 Fragments.
2018-08-05 22:38:25.683282,0 World selected.
2018-08-05 22:38:26.678990,1 World selected.
2018-08-05 22:38:30.690039,Nanatsu no Taizai- Imashime no Fukkatsu populated with 24 Fragments.
2018-08-05 22:38:42.723188,2 Worlds selected.
2018-08-05 22:38:43.722897,Only 1 World needs to be selected.
2018-08-05 22:38:46.727025,1 World selected.
2018-08-05 22:38:51.724794,Yowamushi Pedal- Glory Line populated with 25 Fragments.
2018-08-05 22:39:18.768936,2 Worlds selected.
2018-08-05 22:39:19.771719,1 World selected.
2018-08-05 22:39:24.767941,Toji no Miko populated with 24 Fragments.
2018-08-05 22:40:23.803725,Fragment Installed: Toji no Miko Episode 12.5 on World: Toji no Miko
2018-08-05 22:40:38.808135,1 World selected.
2018-08-05 22:40:41.800546,Copied World: Shingeki no Kyojin- Lost Girls
2018-08-05 22:41:14.843551,2 Worlds selected.
2018-08-05 22:41:22.832222,Only 1 World needs to be selected.
2018-08-05 22:41:25.866322,1 World selected.
2018-08-05 22:41:28.868676,Copied World: Emiya-san Chi no Kyou no Gohan
2018-08-05 22:41:47.865203,2 Worlds selected.
2018-08-05 22:41:49.862752,1 World selected.
2018-08-05 22:41:55.872395,0 World selected.
2018-08-05 22:41:56.871297,1 World selected.
2018-08-05 22:42:07.885412,1 World selected.
2018-08-05 22:43:30.949014,Save completed.
2018-08-05 22:44:50.616188,1 World selected.
2018-08-05 22:44:52.622558,Copied World: Hugtto! Precure
2018-08-05 22:45:07.643467,0 World selected.
2018-08-05 22:45:07.643467,1 World selected.
2018-08-05 22:45:13.638185,Copied World: Huyao Xiao Hongniang- Nan Guo
2018-08-05 22:45:38.643170,2 Worlds selected.
2018-08-05 22:45:43.668934,1 World selected.
2018-08-05 22:45:46.674607,Copied World: Kamisama Minarai- Himitsu no Cocotama
2018-08-05 22:46:01.697818,0 World selected.
2018-08-05 22:46:02.693639,1 World selected.
2018-08-05 22:46:25.710860,Kamisama Minarai- Himitsu no Cocotama populated with 139 Fragments.
2018-08-05 22:46:35.716743,0 World selected.
2018-08-05 22:46:53.739040,Kirakira Happy Hirake! Cocotama Installed on AMORPHOUS SAPIENTIA.
2018-08-05 22:47:18.745507,1 World selected.
2018-08-05 22:47:20.744309,Copied World: Layton Mystery Tanteisha- Katri no Nazotoki File
2018-08-05 22:47:39.740363,2 Worlds selected.
2018-08-05 22:47:41.731832,Only 1 World needs to be selected.
2018-08-05 22:47:44.730275,1 World selected.
2018-08-05 22:47:46.728810,Copied World: Quanzhi Gaoshou (2018)
2018-08-05 22:48:51.764452,Quanzhi Gaoshou- Tebie Pian Installed on OUTER SAPIENTIA.
2018-08-05 22:48:53.766873,1 World selected.
2018-08-05 22:48:56.763000,World Uninstalled: Quanzhi Gaoshou (2018)
2018-08-05 22:48:56.763000,1 World Uninstalled.
2018-08-05 22:49:05.755513,Quanzhi Gaoshou 2nd Season Installed on AMORPHOUS SAPIENTIA.
2018-08-05 22:49:12.897235,1 World selected.
2018-08-05 22:49:14.904658,Copied World: Shima Kousaku no Asia Shinseki-den
2018-08-05 22:50:05.911370,2 Worlds selected.
2018-08-05 22:50:06.906076,1 World selected.
2018-08-05 22:50:12.904334,0 World selected.
2018-08-05 22:50:14.911759,Save completed.
2018-08-05 22:50:38.914423,1 World selected.
2018-08-05 22:51:12.903841,0 World selected.
2018-08-05 22:51:13.907523,1 World selected.
2018-08-05 22:51:15.905121,World Uninstalled: Quan Zhi Gao Shou
2018-08-05 22:51:15.905121,1 World Uninstalled.
2018-08-05 22:51:17.902535,1 World selected.
2018-08-05 22:51:20.906864,Copied World: Quanzhi Gaoshou 2nd Season
2018-08-05 22:51:32.912770,Quanzhi Gaoshou Installed on OUTER SAPIENTIA.
2018-08-05 22:51:45.937098,1 World selected.
2018-08-05 22:51:47.936517,Please select a world to Combine with.
2018-08-05 22:51:56.943536,1 World succesfully combined into Quanzhi Gaoshou.
2018-08-05 22:52:20.951913,Save completed.
2018-08-05 23:01:46.446701,Save completed.
2018-08-05 23:14:55.751394,Ys Installed on OUTER SAPIENTIA.
2018-08-05 23:15:10.884161,Ys- Tenkuu no Shinden - Adol Christine no Bouken Installed on OUTER SAPIENTIA.
2018-08-05 23:15:12.893587,Save completed.
2018-08-05 23:15:36.897234,1 World selected.
2018-08-05 23:15:38.901809,Please select a world to Combine with.
2018-08-05 23:15:43.904600,1 World succesfully combined into Ys.
2018-08-05 23:15:56.902183,1 World selected.
2018-08-05 23:15:58.902794,Copied World: Ys
2018-08-05 23:16:09.899292,Ys2 Installed on AMORPHOUS SAPIENTIA.
2018-08-05 23:16:25.907569,1 World selected.
2018-08-05 23:16:27.920226,0 World selected.
2018-08-05 23:16:27.920226,1 World selected.
2018-08-05 23:16:28.918072,Please select a world to Combine with.
2018-08-05 23:16:33.917725,1 World succesfully combined into Ys.
2018-08-05 23:16:35.922399,1 World selected.
2018-08-05 23:16:50.924228,Ys2 Installed on AMORPHOUS SAPIENTIA.
2018-08-05 23:16:51.921931,1 World selected.
2018-08-05 23:16:53.919986,Please select a world to Combine with.
2018-08-05 23:16:57.922028,1 World succesfully combined into Ys2.
2018-08-05 23:17:30.975420,Ys Installed on AMORPHOUS SAPIENTIA.
2018-08-05 23:17:32.981904,1 World selected.
2018-08-05 23:17:34.985511,Please select a world to Combine with.
2018-08-05 23:17:38.978724,1 World succesfully combined into Ys.
2018-08-05 23:17:53.955763,1 World selected.
2018-08-05 23:18:00.955807,Save completed.
2018-08-05 23:34:00.535212,1 World selected.
2018-08-05 23:34:21.654033,Mahou Shoujo Nante Mou Ii Desukara Installed on AMORPHOUS SAPIENTIA.
2018-08-05 23:34:38.857357,1 World selected.
2018-08-05 23:34:42.862244,Fragment Installed: Mahou Shoujo Nante Mou Ii Desukara on World: Mahou Shoujo Nante Mou Ii Desukara
2018-08-05 23:34:55.864790,Fragment Installed: Mahou Shoujo Nante Mou Ii Desukara 2nd Season on World: Mahou Shoujo Nante Mou Ii Desukara
2018-08-05 23:36:54.931476,Mahou Shoujo- Naria Girls Installed on OUTER SAPIENTIA.
2018-08-05 23:36:57.926875,Save completed.
2018-08-06 21:05:50.924550,Commencing Fragmentation: Yozakura Quartet Episode 5
2018-08-06 21:37:53.554569,Commencing Fragmentation: Yozakura Quartet Episode 6
2018-08-06 22:15:31.957834,Commencing Fragmentation: Yozakura Quartet Episode 6
2018-08-06 22:15:36.957438,Commencing Fragmentation: Yozakura Quartet Episode 7
2018-08-06 22:40:02.817160,Save completed.
2018-08-06 22:42:46.860850,Gokujo.- Gokurakuin Joshikou Ryou Monogatari Installed on OUTER SAPIENTIA.
2018-08-06 22:43:17.097187,1 World selected.
2018-08-06 22:43:19.096989,2 Worlds selected.
2018-08-06 22:43:21.092187,1 World selected.
2018-08-06 22:43:22.089050,2 Worlds selected.
2018-08-06 22:43:56.086083,1 World selected.
2018-08-06 22:44:21.156614,Save completed.
2018-08-06 22:52:53.500345,Sword Art Online Alternative- Gun Gale Online Episode 1 is unavailable.
2018-08-06 22:52:55.496473,Ready to materialize (mp4): Sword Art Online Alternative- Gun Gale Online Episode 1
2018-08-06 22:53:06.525973,Sword Art Online Alternative- Gun Gale Online added to Fragmentations List.
2018-08-06 22:53:13.544139,Copied World: Sword Art Online Alternative- Gun Gale Online
2018-08-06 22:54:20.979842,1 World selected.
2018-08-06 22:54:28.012871,Copied World: Sword Art Online Alternative- Gun Gale Online
2018-08-06 22:54:46.023397,Fragment Installed: Sword Art Online Alternative- Gun Gale Online Episode 5.5 on World: Sword Art Online Alternative- Gun Gale Online.
2018-08-06 22:55:13.175980,Sword Art Online Alternative- Gun Gale Online Episode 1 is unavailable.
2018-08-06 22:55:15.183129,Ready to materialize (mp4): Sword Art Online Alternative- Gun Gale Online Episode 1
2018-08-06 23:02:03.911307,Sword Art Online Alternative- Gun Gale Online Episode 2 is unavailable.
2018-08-06 23:02:04.912964,Ready to materialize (mp4): Sword Art Online Alternative- Gun Gale Online Episode 2
2018-08-06 23:02:36.897950,Sword Art Online Alternative- Gun Gale Online Episode 3 is unavailable.
2018-08-06 23:02:37.896647,Ready to materialize (mp4): Sword Art Online Alternative- Gun Gale Online Episode 3
2018-08-06 23:03:16.946334,Sword Art Online Alternative- Gun Gale Online Episode 4 is unavailable.
2018-08-06 23:03:17.941131,Ready to materialize (mp4): Sword Art Online Alternative- Gun Gale Online Episode 4
2018-08-06 23:04:10.979763,Sword Art Online Alternative- Gun Gale Online Episode 5 is unavailable.
2018-08-06 23:04:11.974470,Ready to materialize (mp4): Sword Art Online Alternative- Gun Gale Online Episode 5
2018-08-06 23:05:46.065754,Sword Art Online Alternative- Gun Gale Online Episode 5.5 is unavailable.
2018-08-06 23:05:47.060515,Ready to materialize (mp4): Sword Art Online Alternative- Gun Gale Online Episode 5.5
2018-08-06 23:06:16.076686,Sword Art Online Alternative- Gun Gale Online Episode 6 is unavailable.
2018-08-06 23:06:19.090408,Ready to materialize (mp4): Sword Art Online Alternative- Gun Gale Online Episode 6
2018-08-06 23:06:51.132783,Sword Art Online Alternative- Gun Gale Online Episode 7 is unavailable.
2018-08-06 23:06:52.132492,Ready to materialize (mp4): Sword Art Online Alternative- Gun Gale Online Episode 7
2018-08-06 23:08:58.161382,Sword Art Online Alternative- Gun Gale Online Episode 8 is unavailable.
2018-08-06 23:08:59.165161,Ready to materialize (mp4): Sword Art Online Alternative- Gun Gale Online Episode 8
2018-08-06 23:10:35.178989,Sword Art Online Alternative- Gun Gale Online Episode 9 is unavailable.
2018-08-06 23:10:36.180754,Ready to materialize (mp4): Sword Art Online Alternative- Gun Gale Online Episode 9
2018-08-06 23:11:12.182870,Sword Art Online Alternative- Gun Gale Online Episode 10 is unavailable.
2018-08-06 23:11:13.181621,Ready to materialize (mp4): Sword Art Online Alternative- Gun Gale Online Episode 10
2018-08-06 23:11:57.198734,Sword Art Online Alternative- Gun Gale Online Episode 11 is unavailable.
2018-08-06 23:11:58.197440,Ready to materialize (mp4): Sword Art Online Alternative- Gun Gale Online Episode 11
2018-08-06 23:12:40.193462,Sword Art Online Alternative- Gun Gale Online Episode 12 is unavailable.
2018-08-06 23:12:42.199173,Ready to materialize (mp4): Sword Art Online Alternative- Gun Gale Online Episode 12
2018-08-06 23:13:48.250647,Commencing Fragmentation: Sword Art Online Alternative- Gun Gale Online Episode 1
2018-08-06 23:40:23.359339,Save completed.
2018-08-06 23:42:36.287237,Arrange Completed.
2018-08-06 23:51:51.864105,Commencing Fragmentation: Yozakura Quartet Episode 8
2018-08-07 00:44:19.286908,Save completed.
2018-08-07 17:01:53.503519,Save completed.
2018-08-07 17:14:43.261587,Save completed.
2018-08-08 01:22:52.486065,Pollinic Girls Attack Installed on OUTER MYSTERIUM.
2018-08-08 01:23:54.771887,Shoujo-tachi no Sadism Installed on OUTER MYSTERIUM.
2018-08-08 01:23:59.783533,Save completed.
2018-08-08 15:03:57.117352,Eiyu Kaitai Installed on OUTER SAPIENTIA.
2018-08-08 15:04:50.665977,Save completed.
2018-08-09 01:04:16.484600,Facials of Eve Installed on OUTER MYSTERIUM.
2018-08-09 01:04:25.487312,Save completed.
2018-08-09 01:48:08.093280,Commencing Fragmentation: Yozakura Quartet Episode 9
2018-08-09 02:12:32.674485,Save completed.
2018-08-09 16:58:45.782244,Commencing Rebuild.
2018-08-09 16:58:45.782244,Rebuild successful.
2018-08-09 16:58:52.674514,Save completed.
2018-08-10 00:40:22.382621,Commencing Fragmentation: Yozakura Quartet Episode 10
2018-08-10 01:05:07.013562,Commencing Fragmentation: Yozakura Quartet Episode 11
2018-08-10 01:29:04.854309,Save completed.
2018-08-10 09:59:03.389910,Save completed.
2018-08-10 09:59:59.252990,Save completed.
2018-08-10 17:15:58.572556,Commencing Fragmentation: Yozakura Quartet Episode 12
2018-08-10 17:39:28.106568,Yozakura Quartet conquered.
2018-08-10 17:39:30.104036,Save completed.
2018-08-10 17:39:31.107805,Copied World: Yozakura Quartet
2018-08-10 18:01:13.690314,Commencing Fragmentation: Sword Art Online Alternative- Gun Gale Online Episode 2
2018-08-10 18:44:06.749831,Commencing Fragmentation: Sword Art Online Alternative- Gun Gale Online Episode 3
2018-08-10 19:10:01.451581,Save completed.
2018-08-10 22:21:20.492571,Commencing Fragmentation: Sword Art Online Alternative- Gun Gale Online Episode 4
2018-08-10 22:47:11.264752,Commencing Fragmentation: Sword Art Online Alternative- Gun Gale Online Episode 5
2018-08-10 23:12:14.286371,Commencing Fragmentation: Sword Art Online Alternative- Gun Gale Online Episode 5.5
2018-08-10 23:12:38.297466,Commencing Fragmentation: Sword Art Online Alternative- Gun Gale Online Episode 5
2018-08-10 23:40:13.744062,Commencing Fragmentation: Sword Art Online Alternative- Gun Gale Online Episode 6
2018-08-11 00:07:30.113883,Commencing Fragmentation: Sword Art Online Alternative- Gun Gale Online Episode 7
2018-08-11 00:31:24.722387,Commencing Fragmentation: Sword Art Online Alternative- Gun Gale Online Episode 8
2018-08-11 00:55:18.603032,Commencing Fragmentation: Sword Art Online Alternative- Gun Gale Online Episode 9
2018-08-11 01:19:19.410090,Commencing Fragmentation: Sword Art Online Alternative- Gun Gale Online Episode 10
2018-08-11 01:45:12.255928,Commencing Fragmentation: Sword Art Online Alternative- Gun Gale Online Episode 11
2018-08-11 02:09:05.256388,Commencing Fragmentation: Sword Art Online Alternative- Gun Gale Online Episode 12
2018-08-11 02:33:09.902067,Save completed.
2018-08-11 02:33:33.017156,Copied World: Sword Art Online Alternative- Gun Gale Online
2018-08-11 02:34:31.061591,Sword Art Online Alternative- Gun Gale Online conquered.
2018-08-11 02:34:36.052092,Save completed.
2018-08-11 03:03:49.312109,Darling in the FranXX added to Fragmentations List.
2018-08-11 03:04:16.521721,Mob Psycho 100 added to Fragmentations List.
2018-08-11 03:04:18.522021,Save completed.
2018-08-11 10:20:40.607794,Yousei Hime Ren Installed on OUTER SAPIENTIA.
2018-08-11 10:20:41.605472,Save completed.
2018-08-11 12:20:16.518483,Commencing Fragmentation: Mob Psycho 100 Episode 1
2018-08-11 12:44:54.281960,Mob Psycho 100 Episode 2 is unavailable.
2018-08-11 12:45:05.335837,Copied World: Mob Psycho 100
2018-08-11 12:45:29.382287,Ready to materialize (mp4): Mob Psycho 100 Episode 2
2018-08-11 12:46:03.409784,Mob Psycho 100 Episode 3 is unavailable.
2018-08-11 12:46:04.412066,Ready to materialize (mp4): Mob Psycho 100 Episode 3
2018-08-11 12:49:23.495142,Mob Psycho 100 Episode 4 is unavailable.
2018-08-11 12:49:24.489845,Ready to materialize (mp4): Mob Psycho 100 Episode 4
2018-08-11 12:55:20.616463,Commencing Fragmentation: Mob Psycho 100 Episode 2
2018-08-11 18:12:04.317401,Save completed.
2018-08-13 23:42:39.314481,Youjuu Toshi Installed on OUTER SAPIENTIA.
2018-08-13 23:42:44.495167,Save completed.
2018-08-21 00:31:16.594191,I''s Pure Installed on OUTER SAPIENTIA.
2018-08-21 00:31:35.598512,I''s Installed on OUTER SAPIENTIA.
2018-08-21 00:31:59.722859,1 World selected.
2018-08-21 00:32:02.728034,Please select a world to Combine with.
2018-08-21 00:32:04.723408,1 World succesfully combined into I''s Pure.
2018-08-21 00:32:06.723979,1 World selected.
2018-08-21 00:32:15.725800,Save completed.
2018-08-21 00:32:33.794008,Please select a world to Combine with.
2018-08-21 00:32:39.782343,1 World selected.
2018-08-21 00:32:44.780058,Please select a world to Combine with.
2018-08-21 00:51:26.556179,Dennou Coil added to Fragmentations List.
2018-08-21 00:52:27.642146,Dennou Coil Episode 1 is unavailable.
2018-08-21 00:53:13.580958,Commencing Fragmentation: Dennou Coil Episode 1
2018-08-21 01:37:48.730117,Commencing Fragmentation: Dennou Coil Episode 2
2018-08-21 02:03:13.671814,Commencing Fragmentation: Dennou Coil Episode 3
2018-08-21 02:29:48.227382,Commencing Fragmentation: Dennou Coil Episode 4
2018-08-21 02:56:57.767990,Commencing Fragmentation: Dennou Coil Episode 5
2018-08-21 03:31:55.046055,Save completed.
2018-08-22 20:21:26.418937,Darling in the FranXX defragmented.
2018-08-22 20:21:34.419049,Commencing Fragmentation: Dennou Coil Episode 6
2018-08-22 20:46:52.720182,Commencing Fragmentation: Dennou Coil Episode 7
2018-08-22 21:11:56.661604,Save completed.
2018-08-22 21:12:12.778787,Copied World: Dennou Coil
2018-08-22 22:27:43.464232,Kowabon Installed on OUTER SAPIENTIA.
2018-08-22 22:27:47.467104,Save completed.
2018-08-22 22:47:44.908080,Commencing Fragmentation: Dennou Coil Episode 8
2018-08-22 23:12:54.474080,Save completed.
2018-08-24 02:07:18.027944,Commencing Fragmentation: Dennou Coil Episode 9
2018-08-24 02:49:55.556318,Commencing Fragmentation: Dennou Coil Episode 10
2018-08-24 03:15:26.222856,Save completed.
2018-08-24 21:28:47.930774,Natsuyasumi. Installed on OUTER MYSTERIUM.
2018-08-24 21:28:53.103476,Save completed.
2018-08-29 03:34:26.000025,Dennou Coil Episode 11 is unavailable.
2018-08-29 03:35:22.936499,Commencing Fragmentation: Dennou Coil Episode 11
2018-08-29 05:13:10.021007,Commencing Fragmentation: Dennou Coil Episode 12
2018-08-29 05:38:27.630551,Save completed.
2018-08-29 05:47:22.648843,Commencing Fragmentation: Dennou Coil Episode 13
2018-08-29 06:12:35.120781,Save completed.
2018-09-05 01:17:21.229973,Commencing Fragmentation: Dennou Coil Episode 14
2018-09-05 01:42:52.963901,Commencing Fragmentation: Dennou Coil Episode 15
2018-09-05 02:08:00.502871,Commencing Fragmentation: Dennou Coil Episode 16
2018-09-05 02:35:30.759754,Commencing Fragmentation: Dennou Coil Episode 17
2018-09-05 03:00:45.653316,Commencing Fragmentation: Dennou Coil Episode 17
2018-09-05 03:01:06.696660,Commencing Fragmentation: Dennou Coil Episode 18
2018-09-05 03:26:13.211274,Commencing Fragmentation: Dennou Coil Episode 19
2018-09-05 03:52:15.723250,Commencing Fragmentation: Dennou Coil Episode 20
2018-09-05 04:17:22.528373,Commencing Fragmentation: Dennou Coil Episode 21
2018-09-05 04:42:29.264147,Commencing Fragmentation: Dennou Coil Episode 22
2018-09-05 05:07:54.786846,Commencing Fragmentation: Dennou Coil Episode 23
2018-09-05 05:33:09.286780,Save completed.
2018-09-05 05:33:21.415773,Commencing Fragmentation: Dennou Coil Episode 24
2018-09-05 05:34:57.466225,Copied World: Dennou Coil
2018-09-05 06:03:18.154628,Commencing Fragmentation: Dennou Coil Episode 25
2018-09-05 06:31:14.558655,Commencing Fragmentation: Dennou Coil Episode 26
2018-09-05 06:59:35.241819,Copied World: Dennou Coil
2018-09-05 06:59:36.244532,Dennou Coil conquered.
2018-09-05 06:59:38.261012,Save completed.
2018-09-05 07:06:18.326580,Darling in the FranXX added to Fragmentations List.
2018-09-05 07:06:24.532100,Commencing Fragmentation: Darling in the FranXX Episode 1
2018-09-05 07:31:19.213038,Save completed.
2018-09-08 01:11:33.399815,Copied World: Darling in the FranXX
2018-09-08 01:12:20.471345,Darling in the FranXX Episode 2 is unavailable.
2018-09-08 01:12:21.466997,Ready to materialize (mp4): Darling in the FranXX Episode 2
2018-09-08 01:27:44.742634,Ready to materialize (mp4): Darling in the FranXX Episode 2
2018-09-08 01:28:10.763243,Darling in the FranXX Episode 3 is unavailable.
2018-09-08 01:28:11.768960,Ready to materialize (mp4): Darling in the FranXX Episode 3
2018-09-08 01:33:15.847624,Ready to materialize (mp4): Darling in the FranXX Episode 3
2018-09-08 01:36:46.004262,Darling in the FranXX Episode 4 is unavailable.
2018-09-08 01:36:47.007097,Ready to materialize (mp4): Darling in the FranXX Episode 4
2018-09-08 01:39:49.059249,Darling in the FranXX Episode 5 is unavailable.
2018-09-08 01:39:50.060962,Ready to materialize (mp4): Darling in the FranXX Episode 5
2018-09-08 01:40:44.167590,Darling in the FranXX Episode 6 is unavailable.
2018-09-08 01:40:45.170338,Ready to materialize (mp4): Darling in the FranXX Episode 6
2018-09-08 01:41:56.249330,Darling in the FranXX Episode 7 is unavailable.
2018-09-08 01:41:57.247036,Ready to materialize (mp4): Darling in the FranXX Episode 7
2018-09-08 01:42:57.250484,Darling in the FranXX Episode 8 is unavailable.
2018-09-08 01:42:58.246192,Ready to materialize (mp4): Darling in the FranXX Episode 8
2018-09-08 01:43:36.259761,Darling in the FranXX Episode 9 is unavailable.
2018-09-08 01:43:37.257523,Ready to materialize (mp4): Darling in the FranXX Episode 9
2018-09-08 01:45:26.314507,Commencing Fragmentation: Darling in the FranXX Episode 2
2018-09-08 02:10:22.034864,Commencing Fragmentation: Darling in the FranXX Episode 3
2018-09-08 02:36:55.198791,Darling in the FranXX Episode 10 is unavailable.
2018-09-08 02:36:56.204503,Ready to materialize (mp4): Darling in the FranXX Episode 10
2018-09-08 02:36:57.200211,Save completed.
2018-09-08 02:40:09.602068,Darling in the FranXX Episode 11 is unavailable.
2018-09-08 02:40:10.599775,Ready to materialize (mp4): Darling in the FranXX Episode 11
2018-09-08 02:40:31.615693,Darling in the FranXX Episode 12 is unavailable.
2018-09-08 02:40:32.618406,Ready to materialize (mp4): Darling in the FranXX Episode 12
2018-09-08 02:41:16.746729,Darling in the FranXX Episode 13 is unavailable.
2018-09-08 02:41:17.745438,Ready to materialize (mp4): Darling in the FranXX Episode 13
2018-09-08 03:00:09.721312,Commencing Fragmentation: Darling in the FranXX Episode 4
2018-09-08 04:11:13.988189,Commencing Fragmentation: Darling in the FranXX Episode 5
2018-09-08 04:35:33.085498,Commencing Fragmentation: Darling in the FranXX Episode 6
2018-09-08 05:02:47.902298,Save completed.
2018-09-08 05:26:11.327188,Commencing Fragmentation: Darling in the FranXX Episode 7
2018-09-08 05:58:42.511637,Save completed.
2018-09-08 06:25:18.861356,Trinity Seven added to Fragmentations List.
2018-09-08 06:25:22.855339,Commencing Fragmentation: Trinity Seven Episode 1
2018-09-08 06:50:43.847223,Save completed.
2018-09-09 00:05:01.165143,Copied World: Darling in the FranXX
2018-09-09 01:40:32.013354,Commencing Fragmentation: Darling in the FranXX Episode 12
2018-09-09 01:40:50.622060,Commencing Fragmentation: Darling in the FranXX Episode 8
2018-09-09 03:26:30.397978,Save completed.
2018-09-09 14:36:48.391066,Commencing Fragmentation: Darling in the FranXX Episode 9
2018-09-09 15:02:07.435909,Save completed.
2018-09-17 00:10:37.693234,Commencing Fragmentation: Darling in the FranXX Episode 10
2018-09-17 00:11:43.765684,Commencing Fragmentation: Darling in the FranXX Episode 9
2018-09-17 00:11:52.767282,Commencing Fragmentation: Darling in the FranXX Episode 10
2018-09-17 00:54:38.617837,Commencing Fragmentation: Darling in the FranXX Episode 11
2018-09-17 01:19:02.392499,Commencing Fragmentation: Darling in the FranXX Episode 12
2018-09-17 01:43:14.052982,Commencing Fragmentation: Darling in the FranXX Episode 13
2018-09-17 02:07:25.994956,Darling in the FranXX Episode 14 is unavailable.
2018-09-17 02:07:32.992962,Copied World: Darling in the FranXX
2018-09-17 02:08:34.008722,Ready to materialize (mp4): Darling in the FranXX Episode 14
2018-09-17 02:09:15.071699,Darling in the FranXX Episode 15 is unavailable.
2018-09-17 02:09:16.076412,Ready to materialize (mp4): Darling in the FranXX Episode 15
2018-09-17 02:11:08.156584,Darling in the FranXX Episode 16 is unavailable.
2018-09-17 02:11:09.159720,Ready to materialize (mp4): Darling in the FranXX Episode 16
2018-09-17 02:11:35.183849,Darling in the FranXX Episode 17 is unavailable.
2018-09-17 02:11:36.188575,Ready to materialize (mp4): Darling in the FranXX Episode 17
2018-09-17 02:12:29.229178,Darling in the FranXX Episode 18 is unavailable.
2018-09-17 02:12:30.232392,Ready to materialize (mp4): Darling in the FranXX Episode 18
2018-09-17 02:13:02.273758,Darling in the FranXX Episode 19 is unavailable.
2018-09-17 02:13:03.288535,Ready to materialize (mp4): Darling in the FranXX Episode 19
2018-09-17 02:13:27.329459,Darling in the FranXX Episode 20 is unavailable.
2018-09-17 02:13:29.343972,Ready to materialize (mp4): Darling in the FranXX Episode 20
2018-09-17 02:15:43.503867,Darling in the FranXX Episode 21 is unavailable.
2018-09-17 02:15:44.538791,Ready to materialize (mp4): Darling in the FranXX Episode 21
2018-09-17 02:16:18.607120,Darling in the FranXX Episode 22 is unavailable.
2018-09-17 02:16:19.612886,Ready to materialize (mp4): Darling in the FranXX Episode 22
2018-09-17 02:16:48.635629,Darling in the FranXX Episode 23 is unavailable.
2018-09-17 02:16:49.640088,Ready to materialize (mp4): Darling in the FranXX Episode 23
2018-09-17 02:18:04.742086,Darling in the FranXX Episode 24 is unavailable.
2018-09-17 02:18:06.739575,Ready to materialize (mp4): Darling in the FranXX Episode 24
2018-09-17 02:24:09.860475,Commencing Fragmentation: Darling in the FranXX Episode 14
2018-09-17 02:49:41.332997,Commencing Fragmentation: Darling in the FranXX Episode 15
2018-09-17 03:14:24.585860,Commencing Fragmentation: Darling in the FranXX Episode 16
2018-09-17 03:38:37.359954,Commencing Fragmentation: Darling in the FranXX Episode 17
2018-09-17 04:04:33.828878,Save completed.
2018-09-17 04:21:45.949733,Commencing Fragmentation: Darling in the FranXX Episode 18
2018-09-17 04:46:05.481400,Commencing Fragmentation: Darling in the FranXX Episode 19
2018-09-17 05:26:40.677899,Commencing Fragmentation: Darling in the FranXX Episode 20
2018-09-17 05:52:39.122867,Commencing Fragmentation: Darling in the FranXX Episode 21
2018-09-17 06:16:53.962127,Commencing Fragmentation: Darling in the FranXX Episode 22
2018-09-17 06:41:25.982213,Commencing Fragmentation: Darling in the FranXX Episode 23
2018-09-17 07:05:43.789681,Commencing Fragmentation: Darling in the FranXX Episode 24
2018-09-17 07:30:07.345525,Copied World: Darling in the FranXX
2018-09-17 07:30:10.340656,Darling in the FranXX conquered.
2018-09-17 07:30:17.375736,Save completed.
2018-09-18 06:00:20.255569,Commencing Fragmentation: Trinity Seven Episode 2
2018-09-18 06:24:36.595528,Save completed.
2018-09-19 03:09:06.002096,Commencing Fragmentation: Trinity Seven Episode 3
2018-09-19 04:14:10.756913,Save completed.
2018-09-19 04:49:50.826051,Commencing Fragmentation: Trinity Seven Episode 4
2018-09-19 05:14:13.348061,Save completed.
2018-09-20 01:42:29.322837,Trinity Seven Episode 5 is unavailable.
2018-09-20 01:42:43.318873,Trinity Seven Episode 5 is unavailable.
2018-09-20 01:42:48.319459,Commencing Fragmentation: Trinity Seven Episode 5
2018-09-20 02:43:43.216876,Save completed.
2018-09-20 02:43:45.347580,Commencing Fragmentation: Trinity Seven Episode 6
2018-09-20 03:07:53.239376,Commencing Fragmentation: Trinity Seven Episode 7
2018-09-20 03:31:54.148024,Save completed.
2018-09-21 01:22:25.932781,Hidamari no Ki Installed on OUTER SAPIENTIA.
2018-09-21 01:22:29.931810,Save completed.
2018-09-22 02:58:30.078023,Green Eyes Ane Kyun Yori Installed on AMORPHOUS MYSTERIUM.
2018-09-22 02:59:28.100718,Milf Mansion Installed on OUTER MYSTERIUM.
2018-09-22 02:59:40.098288,1 World selected.
2018-09-22 03:01:02.170379,Green Eyes Ane Kyun Yori populated with 1 Fragments.
2018-09-22 03:01:05.169510,Save completed.
2018-09-22 03:31:55.355530,2 Worlds selected.
2018-09-22 03:32:03.374377,Beat Blades Haruka Installed on OUTER MYSTERIUM.
2018-09-22 03:32:24.407390,Save completed.
2018-09-23 01:31:14.603439,Commencing Fragmentation: Trinity Seven Episode 8
2018-09-23 01:55:30.058329,Commencing Fragmentation: Trinity Seven Episode 9
2018-09-23 02:19:31.822880,Commencing Fragmentation: Trinity Seven Episode 10
2018-09-23 02:43:33.574153,Save completed.
2018-09-23 02:43:43.579317,Commencing Fragmentation: Trinity Seven Episode 11
2018-09-23 03:07:43.390274,Commencing Fragmentation: Trinity Seven Episode 12
2018-09-23 03:31:31.028490,Copied World: Trinity Seven
2018-09-23 03:31:34.022619,Trinity Seven conquered.
2018-09-23 03:31:35.027335,Save completed.
2018-09-23 20:29:55.521382,Commencing Fragmentation: Furueru Kuchibiru Episode 1
2018-09-23 21:54:08.673247,Kaiji added to Fragmentations List.
2018-09-23 21:54:23.652906,Commencing Fragmentation: Kaiji Episode 1
2018-09-23 22:30:35.659867,Commencing Fragmentation: Kaiji Episode 2
2018-09-23 22:30:58.045518,Commencing Fragmentation: Kaiji Episode 3
2018-09-23 22:31:38.077690,Commencing Fragmentation: Kaiji Episode 13
2018-09-23 22:31:47.363762,Commencing Fragmentation: Kaiji Episode 2
2018-09-23 22:31:55.384486,Ready to materialize (mp4): Kaiji Episode 2
2018-09-23 22:33:30.447892,Commencing Fragmentation: Kaiji Episode 1
2018-09-23 22:40:37.678654,Commencing Fragmentation: Kaiji Episode 2
2018-09-23 23:04:40.666144,Commencing Fragmentation: Kaiji Episode 3
2018-09-23 23:27:43.257751,Commencing Fragmentation: Kaiji Episode 25
2018-09-23 23:27:51.280717,Commencing Fragmentation: Kaiji Episode 3
2018-09-23 23:27:58.277778,Commencing Fragmentation: Kaiji Episode 4
2018-09-23 23:51:51.594490,Commencing Fragmentation: Kaiji Episode 5
2018-09-24 00:14:57.229754,Commencing Fragmentation: Kaiji Episode 6
2018-09-24 00:39:53.885401,Commencing Fragmentation: Kaiji Episode 7
2018-09-24 01:04:49.446828,Commencing Fragmentation: Kaiji Episode 8
2018-09-24 01:28:07.876386,Commencing Fragmentation: Kaiji Episode 9
2018-09-24 01:52:19.390528,Commencing Fragmentation: Kaiji Episode 10
2018-09-24 02:17:22.911105,Save completed.
2018-09-24 02:22:47.937661,Commencing Fragmentation: Kaiji Episode 11
2018-09-24 02:45:49.722017,Commencing Fragmentation: Kaiji Episode 12
2018-09-24 03:12:14.358438,Commencing Fragmentation: Kaiji Episode 13
2018-09-24 03:52:45.377892,Commencing Fragmentation: Kaiji Episode 14
2018-09-24 04:24:02.482304,Save completed.
2018-09-24 04:29:39.581822,Commencing Fragmentation: Kaiji Episode 15
2018-09-24 04:53:58.267302,Save completed.
2018-09-24 04:55:27.309054,Commencing Fragmentation: Kaiji Episode 16
2018-09-24 05:20:43.948957,Save completed.
2018-09-24 05:21:26.950214,Commencing Fragmentation: Kaiji Episode 17
2018-09-24 05:52:10.451066,Save completed.
2018-09-28 03:24:52.375500,Kill Me Baby added to Fragmentations List.
2018-09-28 03:25:45.305081,Commencing Fragmentation: Kill Me Baby Episode 1
2018-09-28 03:50:15.287306,Commencing Fragmentation: Kill Me Baby Episode 2
2018-09-28 04:16:07.947726,Save completed.
2018-09-29 01:55:01.934025,Kill Me Baby Episode 3 is unavailable.
2018-09-29 01:57:13.682525,Commencing Fragmentation: Kill Me Baby Episode 3
2018-09-29 02:23:19.764809,Commencing Fragmentation: Kill Me Baby Episode 4
2018-09-29 02:47:43.071433,Commencing Fragmentation: Kill Me Baby Episode 5
2018-09-29 03:12:02.009334,Save completed.
2018-09-29 03:36:48.251912,Commencing Fragmentation: Kill Me Baby Episode 6
2018-09-29 04:01:11.009438,Save completed.
2018-09-30 23:28:24.246806,Commencing Fragmentation: Sword Art Online Episode 8
2018-09-30 23:34:42.768255,Commencing Fragmentation: Kill Me Baby Episode 7
2018-09-30 23:57:06.406177,Save completed.
2018-10-01 00:00:28.349652,Backup completed.
2018-10-01 01:20:40.458089,Commencing Rebuild.
2018-10-01 01:20:40.458089,Rebuild successful.
2018-10-01 01:22:26.281264,Save completed.
2018-10-02 00:45:04.293322,Thunderbolt Fantasy 2 Installed on AMORPHOUS SAPIENTIA.
2018-10-02 00:45:08.298199,Save completed.
2018-10-02 02:57:03.300063,Kill Me Baby Episode 8 is unavailable.
2018-10-02 02:57:30.332126,Commencing Fragmentation: Kill Me Baby Episode 8
2018-10-02 03:21:56.365114,Commencing Fragmentation: Kill Me Baby Episode 9
2018-10-02 03:46:24.015052,Commencing Fragmentation: Kill Me Baby Episode 10
2018-10-02 04:16:26.214586,Commencing Fragmentation: Kill Me Baby Episode 11
2018-10-02 05:04:37.031226,Save completed.
2018-10-03 00:03:50.463842,Kill Me Baby Episode 11 is unavailable.
2018-10-03 00:04:10.494950,Kill Me Baby Episode 11 is unavailable.
2018-10-03 00:04:25.512837,Commencing Fragmentation: Kill Me Baby Episode 11
2018-10-03 00:28:57.514931,Commencing Fragmentation: Kill Me Baby Episode 12
2018-10-03 00:53:27.252689,Commencing Fragmentation: Kill Me Baby Episode 13
2018-10-03 01:17:29.055320,Copied World: Kill Me Baby
2018-10-03 01:17:31.066702,Kill Me Baby conquered.
2018-10-03 01:17:32.069414,Save completed.
2018-10-03 02:11:30.416291,Commencing Fragmentation: Kaiji Episode 18
2018-10-03 02:45:48.147784,Commencing Fragmentation: Kaiji Episode 19
2018-10-03 03:08:53.731545,Commencing Fragmentation: Kaiji Episode 20
2018-10-03 03:32:13.468457,Commencing Fragmentation: Kaiji Episode 21
2018-10-03 04:05:02.755558,Commencing Fragmentation: Kaiji Episode 22
2018-10-03 04:28:03.472117,Commencing Fragmentation: Kaiji Episode 23
2018-10-03 04:52:27.760744,Commencing Fragmentation: Kaiji Episode 24
2018-10-03 05:15:31.566074,Copied World: Kaiji
2018-10-03 05:23:18.546270,Save completed.
2018-10-04 13:12:33.967838,Baja no Studio Installed on OUTER SAPIENTIA.
2018-10-04 13:12:35.971316,Save completed.
2018-10-05 03:05:10.931691,Kaiji Episode 25 is unavailable.
2018-10-05 03:05:32.935286,Commencing Fragmentation: Comic Girls Episode 1
2018-10-05 03:31:15.527304,Comic Girls added to Fragmentations List.
2018-10-05 03:31:22.537120,Commencing Fragmentation: Comic Girls Episode 2
2018-10-05 04:01:00.304421,Save completed.
2018-10-05 16:50:26.246968,Commencing Fragmentation: Kino no Tabi- The Beautiful World - The Animated Series Episode 10
2018-10-05 16:51:08.577882,Commencing Fragmentation: Kino no Tabi- The Beautiful World - The Animated Series Episode 11
2018-10-05 18:50:04.135591,Zombieland Saga Installed on AMORPHOUS SAPIENTIA.
2018-10-05 18:50:12.141302,Ready to materialize (mp4): Zombieland Saga Episode 1
2018-10-05 20:10:33.163600,Commencing Fragmentation: Comic Girls Episode 3
2018-10-05 22:29:44.950953,Save completed.
2018-10-05 22:49:18.160505,Commencing Fragmentation: Comic Girls Episode 4
2018-10-06 00:00:34.361233,Save completed.
2018-10-06 03:18:11.926854,Uchi no Maid ga Uzasugiru! Installed on AMORPHOUS SAPIENTIA.
2018-10-06 03:18:24.976805,Ready to materialize (mp4): Uchi no Maid ga Uzasugiru! Episode 1
2018-10-06 03:44:52.815311,Save completed.
2018-10-06 20:37:02.445527,Commencing Fragmentation: Comic Girls Episode 5
2018-10-06 21:01:53.430964,Commencing Fragmentation: Comic Girls Episode 6
2018-10-06 21:25:46.035494,Save completed.
2018-10-07 03:59:51.293078,Commencing Fragmentation: Comic Girls Episode 7
2018-10-07 04:25:34.126363,Save completed.
2018-10-09 03:27:00.487085,Copied World: Kaiji
2018-10-09 03:27:02.480554,Kaiji conquered.
2018-10-09 03:27:11.467994,Save completed.
2018-10-09 16:47:56.293420,Otona no Bouguya-san Installed on AMORPHOUS SAPIENTIA.
2018-10-09 16:47:59.295551,Save completed.
2018-10-11 02:43:39.384301,Save completed.
2018-10-11 12:50:01.099075,Idol Tenshi Youkoso Youko Installed on OUTER SAPIENTIA.
2018-10-11 12:50:08.098452,Save completed.
